<?xml version="1.0" encoding="UTF-8"?>
<!DOCTYPE suite SYSTEM "https://testng.org/testng-1.0.dtd">
<suite parallel="classes" name="Suite" verbose="5">
	<test thread-count="2" name="Test">
		<classes>
			<class name="week5.day1.assignment_1.CreateLead" />
			<class name="week5.day1.assignment_1.EditLead" />
			<class name="week5.day1.assignment_1.DuplicateLead" />
			<class name="week5.day1.assignment_1.ContactForm" />
			<class name="week5.day1.assignment_1.CompanyChange" />
		</classes>
	</test> <!-- Test -->
</suite> <!-- Suite -->
